{
  "blogs": [
    {
      "id": "1",
      "title": "10 Health Benefits of Eating Fresh Vegetables",
      "author": "Farmary Team",
      "date": "2025-09-01",
      "category": "Health",
      "content": "Eating fresh vegetables is one of the easiest and most effective ways to improve your health. Not only are they packed with essential nutrients, but they also provide fiber, antioxidants, and various other compounds that are beneficial to your body. Regularly consuming a variety of fresh vegetables can lower your risk of chronic diseases, improve digestion, and even boost your mood. Whether you're eating leafy greens, cruciferous vegetables like broccoli, or root vegetables like carrots, each one offers a unique set of health benefits. In this blog post, we will discuss 10 reasons why adding more fresh vegetables to your diet can change your life for the better. From strengthening your immune system to keeping your skin glowing, the possibilities are endless!",
      "tags": ["Vegetables", "Health", "Organic", "Diet"],
      "image": "https://example.com/images/health-benefits-vegetables.jpg"
    },
    {
      "id": "2",
      "title": "How to Choose the Best Fresh Fish for Your Family",
      "author": "OceanCatch Experts",
      "date": "2025-08-25",
      "category": "Seafood",
      "content": "Selecting the right fish for your meals can sometimes be confusing, especially with the variety of options available. Whether you're buying fish for grilling, baking, or making a delicious seafood stew, knowing what to look for can make a huge difference. In this blog post, we share expert tips on how to choose fresh fish that is not only tasty but also safe and healthy to eat. One of the first things to consider when buying fish is its freshness. Fresh fish should have clear, bright eyes and firm flesh that springs back when pressed. Additionally, fish should have a clean, ocean-fresh scent—if it smells fishy or sour, it's likely not fresh. Another important factor is sustainability. Opting for sustainably caught fish ensures you're making an eco-friendly choice while enjoying a delicious meal. We also share some tips on how to store your fish properly to preserve its quality until you're ready to cook it. Whether you're a seafood connoisseur or a beginner, these tips will help you make informed choices for your family’s next meal!",
      "tags": ["Fish", "Seafood", "Healthy Eating", "Cooking Tips"],
      "image": "https://example.com/images/choose-fresh-fish.jpg"
    },
    {
      "id": "3",
      "title": "Why Organic Meat is the Best Choice for Your Health",
      "author": "PrimeBeef Team",
      "date": "2025-08-15",
      "category": "Meat",
      "content": "When it comes to meat, many consumers are turning to organic options due to the numerous health benefits they provide. Organic meat comes from animals that are raised without the use of synthetic pesticides, antibiotics, or growth hormones. These factors make organic meat a healthier alternative to conventionally raised meat, which can contain harmful chemicals that affect both the animals and the consumers. One of the key benefits of organic meat is its higher omega-3 fatty acid content, which is essential for heart health and reducing inflammation. Additionally, organic meat is often more flavorful and tender, as the animals are raised in more humane and natural conditions. Another reason to choose organic is its lower environmental impact. Organic farming practices are typically more sustainable, as they prioritize soil health and biodiversity. In this post, we’ll explore why switching to organic meat can lead to better health for both you and the planet, and why it’s worth the investment.",
      "tags": ["Meat", "Organic", "Health", "Sustainability"],
      "image": "https://example.com/images/organic-meat.jpg"
    },
    {
      "id": "4",
      "title": "5 Simple and Healthy Snack Ideas for Busy Days",
      "author": "SnackTime Blog",
      "date": "2025-08-10",
      "category": "Snacks",
      "content": "In today’s fast-paced world, finding time to prepare a balanced meal can be challenging. But that doesn't mean you should skip out on nutrition! Healthy snacks are a great way to fuel your body throughout the day and keep your energy levels up. Whether you're working from home, commuting, or just need a mid-afternoon pick-me-up, having the right snacks on hand can make a huge difference. Here are 5 simple and healthy snack ideas that are quick to prepare, delicious, and packed with nutrients: 1) Hummus and Veggies – Crunchy veggies like carrots, cucumber, and bell peppers paired with creamy hummus make for a satisfying snack loaded with fiber and protein. 2) Greek Yogurt with Berries – Greek yogurt is rich in protein and probiotics, while berries add antioxidants and sweetness. 3) Nuts and Dried Fruits – A handful of mixed nuts and dried fruits can provide a balance of healthy fats and natural sugars. 4) Avocado Toast – Whole grain toast topped with mashed avocado and a sprinkle of salt and pepper is a filling and nutritious snack. 5) Hard-Boiled Eggs – Easy to prepare in advance and full of protein, hard-boiled eggs are a great portable snack. These ideas are not only nutritious but also convenient, making it easy to eat healthy even on the busiest of days!",
      "tags": ["Snacks", "Healthy Eating", "Quick Recipes", "Lifestyle"],
      "image": "https://example.com/images/healthy-snacks.jpg"
    },
    {
      "id": "5",
      "title": "Hydration Tips: Why Water is the Ultimate Drink",
      "author": "SpringFresh Team",
      "date": "2025-07-30",
      "category": "Drinks",
      "content": "Water is the most essential beverage for our bodies, and yet many of us overlook its importance. Staying hydrated is key to maintaining good health, supporting digestion, and ensuring that your body can function properly. Drinking enough water has numerous benefits, from improving skin complexion to regulating body temperature. But how much water should you be drinking each day? The general recommendation is to drink about 8 cups (64 ounces) of water daily, but your needs may vary depending on factors like activity level, climate, and age. It’s also important to drink water throughout the day, rather than waiting until you’re thirsty. In addition to plain water, herbal teas and water-rich foods like fruits and vegetables can also contribute to your daily hydration needs. In this blog post, we share some useful hydration tips, such as how to track your water intake and ways to make drinking more enjoyable by infusing water with fruits and herbs. Don’t underestimate the power of hydration—water truly is the ultimate drink for your body!",
      "tags": ["Water", "Hydration", "Health", "Wellness"],
      "image": "https://example.com/images/hydration-tips.jpg"
    }
  ]
}
