[
  {
    "id": "1",
    "title": "Fruits",
    "description": "Fresh, perishable fruits and vegetables.",
    "productCount": 165,
    "image": "/images/category-icons/fruits 1.png",
    "link": "/fruits"
  },
  {
    "id": "2",
    "title": "Fish",
    "description": "Fresh seafood including fish and shrimp.",
    "productCount": 137,
    "image": "/images/category-icons/fish 1.png",
    "link": "/fish"
  },
  {
    "id": "3",
    "title": "Vegetables",
    "description": "Fresh, organic, healthy vegetables.",
    "productCount": 34,
    "image": "/images/category-icons/vegetables.png",
    "link": "/vegetables"
  },
  {
    "id": "4",
    "title": "Meat",
    "description": "Premium cuts of beef, chicken, and pork.",
    "productCount": 165,
    "image": "/images/category-icons/meat 1.png",
    "link": "/meat"
  },
  {
    "id": "5",
    "title": "Drinks",
    "description": "Hydrating beverages like water and juices.",
    "productCount": 48,
    "image": "/images/category-icons/soft-drink 1.png",
    "link": "/drinks"
  },
  {
    "id": "6",
    "title": "Snacks",
    "description": "Crunchy and tasty chips, nuts, and more.",
    "productCount": 165,
    "image": "/images/category-icons/snacks 1.png",
    "link": "/snacks"
  }
]
